enhancer,file,ocr,cer
tanpa_enhancement,ijazah_001_highquality_enhanced.png,,1.0
tanpa_enhancement,ijazah_002_lowcontrast.png,,1.0
tanpa_enhancement,ijazah_003_blurred.png,371012022000056,0.06666666666666667
tanpa_enhancement,ijazah_004_highnoise.png,571012022000056,0.0
tanpa_enhancement,ijazah_005_lowres_upsampled.png,7222000056,0.3333333333333333
tanpa_enhancement,ijazah_006_faded_underexposed.png,,1.0
tanpa_enhancement,ijazah_007_colorshift_warmtint.png,71012022000056,0.06666666666666667
tanpa_enhancement,ijazah_008_jpeg_artifacts.png,571012022000056,0.0
tanpa_enhancement,ijazah_009_combined_degradation.png,,1.0
otsu,ijazah_001_highquality_enhanced.png,71912023000056,0.2
otsu,ijazah_002_lowcontrast.png,,1.0
otsu,ijazah_003_blurred.png,71012022000056,0.06666666666666667
otsu,ijazah_004_highnoise.png,571012022000056,0.0
otsu,ijazah_005_lowres_upsampled.png,571012022000056,0.0
otsu,ijazah_006_faded_underexposed.png,7,0.9333333333333333
otsu,ijazah_007_colorshift_warmtint.png,571012022000056,0.0
otsu,ijazah_008_jpeg_artifacts.png,571012022000056,0.0
otsu,ijazah_009_combined_degradation.png,7143422000054,0.4
clahe+otsu,ijazah_001_highquality_enhanced.png,,1.0
clahe+otsu,ijazah_002_lowcontrast.png,,1.0
clahe+otsu,ijazah_003_blurred.png,71012022000056,0.06666666666666667
clahe+otsu,ijazah_004_highnoise.png,,1.0
clahe+otsu,ijazah_005_lowres_upsampled.png,,1.0
clahe+otsu,ijazah_006_faded_underexposed.png,,1.0
clahe+otsu,ijazah_007_colorshift_warmtint.png,,1.0
clahe+otsu,ijazah_008_jpeg_artifacts.png,,1.0
clahe+otsu,ijazah_009_combined_degradation.png,,1.0
adaptive_gaussian,ijazah_001_highquality_enhanced.png,7110,0.7333333333333333
adaptive_gaussian,ijazah_002_lowcontrast.png,,1.0
adaptive_gaussian,ijazah_003_blurred.png,571012022000056,0.0
adaptive_gaussian,ijazah_004_highnoise.png,71012022000086,0.13333333333333333
adaptive_gaussian,ijazah_005_lowres_upsampled.png,72200006,0.4666666666666667
adaptive_gaussian,ijazah_006_faded_underexposed.png,,1.0
adaptive_gaussian,ijazah_007_colorshift_warmtint.png,1571032022000056,0.13333333333333333
adaptive_gaussian,ijazah_008_jpeg_artifacts.png,71012022000056,0.06666666666666667
adaptive_gaussian,ijazah_009_combined_degradation.png,,1.0
denoise+sharpen+otsu,ijazah_001_highquality_enhanced.png,7112022000056,0.13333333333333333
denoise+sharpen+otsu,ijazah_002_lowcontrast.png,,1.0
denoise+sharpen+otsu,ijazah_003_blurred.png,371012022000056,0.06666666666666667
denoise+sharpen+otsu,ijazah_004_highnoise.png,571012022000056,0.0
denoise+sharpen+otsu,ijazah_005_lowres_upsampled.png,371012022000056,0.06666666666666667
denoise+sharpen+otsu,ijazah_006_faded_underexposed.png,7,0.9333333333333333
denoise+sharpen+otsu,ijazah_007_colorshift_warmtint.png,571032022000056,0.06666666666666667
denoise+sharpen+otsu,ijazah_008_jpeg_artifacts.png,571012022000056,0.0
denoise+sharpen+otsu,ijazah_009_combined_degradation.png,71,0.8666666666666667
flatfield+otsu,ijazah_001_highquality_enhanced.png,710912022000056,0.13333333333333333
flatfield+otsu,ijazah_002_lowcontrast.png,,1.0
flatfield+otsu,ijazah_003_blurred.png,71012022000056,0.06666666666666667
flatfield+otsu,ijazah_004_highnoise.png,5710120220000356,0.06666666666666667
flatfield+otsu,ijazah_005_lowres_upsampled.png,5371012022000056,0.06666666666666667
flatfield+otsu,ijazah_006_faded_underexposed.png,7,0.9333333333333333
flatfield+otsu,ijazah_007_colorshift_warmtint.png,571612022000056,0.06666666666666667
flatfield+otsu,ijazah_008_jpeg_artifacts.png,571012022000056,0.0
flatfield+otsu,ijazah_009_combined_degradation.png,71322000054,0.4
