method,Highquality_enhanced,LowContrast,Blurred,highNoise,LowResolution_Upsampled,Faded_Underexposed,ColorShift_WarmTint,JPEGCompression_Artifacts,CombinedDegradation,mean_CER
ENSEMBLE (voting),0.000,0.733,0.000,0.067,0.000,0.733,0.000,0.000,0.667,0.244
clahe+sharpen+otsu,0.067,0.733,0.067,0.067,0.067,0.733,0.000,0.000,0.667,0.267
gamma,0.000,0.800,0.067,0.133,0.000,0.867,0.000,0.000,0.667,0.281
otsu,0.067,0.867,0.000,0.067,0.000,1.000,0.067,0.000,0.733,0.311
sharpen,0.000,1.000,0.067,0.133,0.000,0.800,0.000,0.067,0.800,0.319
stretch,0.267,0.800,0.133,0.067,0.000,0.867,0.000,0.000,0.733,0.319
none,0.333,0.800,0.067,0.067,0.000,0.933,0.000,0.067,0.733,0.333
clahe,0.133,1.000,0.000,0.067,0.067,1.000,0.000,0.000,0.733,0.333
bilateral+clahe,0.200,1.000,0.067,0.067,0.067,1.000,0.000,0.000,0.733,0.348
bgnorm,0.333,1.000,0.133,0.133,0.200,1.000,0.000,0.067,0.933,0.422
adaptive,0.933,1.000,0.067,0.267,0.400,0.933,0.733,0.267,1.000,0.622
hist_eq,1.000,1.000,1.000,1.000,1.000,1.000,0.067,0.800,1.000,0.874
